X0,S0,Pr0,Vr,Pr0_check,S_check,YXS_check,operation_total_time,operation_avg_batch,operation_batch_time,operation_num_batches,operation_stationary_start,OPEX_feed_X0,OEPX_feed_S0,OPEX_feed_Pr0,OPEX_utility_cooling,OPEX_utility_agitation,OPEX_total,Revenue_X,Revenue_P,Revenue_total,Profit
45.274954142917295,482.9573446474531,157.89425182663845,41137.45113638149,VALID,VALID,VALID,7884.0,211.39861322509722,6.9399999999998965,720.6581352833706,7.0799999999998935,6711115.2419,3579443.0477,7489502.5922,2041379.888,43206.137,19864646.9068,10604272.5982,19232030.1294,29836302.7276,9971655.8208
54.21926585811994,485.1227426838473,178.50096915236952,39441.21199986343,VALID,VALID,VALID,7884.0,211.39861322509722,7.059999999999894,712.8390596745096,7.4999999999998845,7621937.4053,3409835.1574,8029755.1338,1913385.052,41683.649,21016596.3982,10322750.3593,19226339.0340,29549089.3933,8532492.9950
50.192677723532,485.8503181052626,175.87630487234208,41444.13111352875,VALID,VALID,VALID,7884.0,211.39861322509722,6.969999999999896,718.687329079314,7.589999999999883,7475037.8623,3617808.1026,8381665.8373,2015132.035,43596.848,21533240.6866,10717864.3343,19232846.1552,29950710.4895,8417469.8029
45.23003634609737,471.725769665434,152.2365884678153,42223.3948926342,VALID,VALID,VALID,7884.0,211.39861322509722,6.689999999999902,737.5116931711948,6.8899999999998975,7042372.6219,3672414.3000,7585096.0595,2096315.485,43748.933,20439947.4005,10948721.3928,19222970.9101,30171692.3029,9731744.9024
49.70674668589467,464.3813699527768,169.03657829700546,43730.008341907655,VALID,VALID,VALID,7884.0,211.39861322509722,6.659999999999902,739.5872420262732,7.419999999999886,8038116.8433,3754773.7082,8747211.8872,2080378.811,45233.739,22665714.9898,11177613.0468,19237268.9741,30414882.0209,7749167.0311
50.67085734327059,481.3629277610655,152.33987076925237,40075.97318606915,VALID,VALID,VALID,7884.0,211.39861322509722,6.439999999999907,755.1724137931102,6.579999999999904,7667582.3884,3642024.3320,7376727.8244,2086221.865,40929.397,20813485.8079,11102035.3293,19220399.9871,30322435.3164,9508949.5085
47.3040866519562,482.20391525121835,170.55422825157544,41463.745033360276,VALID,VALID,VALID,7884.0,211.39861322509722,7.129999999999892,708.3557951482549,7.529999999999884,6946861.5326,3540712.9350,8014980.1259,1992411.673,43977.324,20538943.5907,10456447.0532,19232197.9443,29688644.9975,9149701.4067
53.46813672256623,461.6315431488001,150.59377749926705,40325.93985061185,VALID,VALID,VALID,7884.0,211.39861322509722,6.349999999999909,761.7391304347893,6.4699999999999065,8212130.0439,3545081.7039,7401466.4310,2031592.654,40962.248,21231233.0809,11033810.1900,19238351.1933,30272161.3834,9040928.3025
48.46824546984798,479.53475438473663,151.9847696982555,41581.570065387226,VALID,VALID,VALID,7884.0,211.39861322509722,6.379999999999908,759.537572254342,6.679999999999902,7653805.9794,3786258.3377,7680158.7699,2160256.034,42314.588,21322793.7095,11417082.6104,19228672.1752,30645754.7856,9322961.0761
54.6954841126076,463.2109440224634,153.7766858112514,40809.70155190297,VALID,VALID,VALID,7884.0,211.39861322509722,6.229999999999912,770.6744868035257,6.539999999999905,8601137.2056,3642111.3638,7738287.8394,2076726.137,41147.337,22099409.8835,11347419.8359,19237712.5321,30585132.3680,8485722.4845
49.485488855122114,485.5820307495626,157.58884421798817,43403.089108838714,VALID,VALID,VALID,7884.0,211.39861322509722,6.099999999999914,780.5940594059472,6.839999999999899,8382889.6938,4112903.2927,8542624.8615,2300517.657,43400.527,23382336.0334,12244811.1649,19226727.1886,31471538.3534,8089202.3201
50.07653218373603,484.1478471845382,170.22246983679182,42794.11928969329,VALID,VALID,VALID,7884.0,211.39861322509722,6.569999999999904,745.8845789971685,7.3599999999998875,7992082.7476,3863436.1127,8693458.6249,2140374.968,44039.297,22733391.7515,11424311.2494,19230433.5278,30654744.7772,7921353.0257
51.297744668961634,480.4991466509118,160.53024200079753,41500.413757392045,VALID,VALID,VALID,7884.0,211.39861322509722,6.399999999999908,758.0769230769298,6.899999999999897,8069265.0114,3779186.5677,8080580.2183,2134849.663,42282.920,22106164.3808,11431057.3190,19223978.0281,30655035.3472,8548870.9664
48.56494445517032,486.89925780602357,175.40614941986985,40128.67408584401,VALID,VALID,VALID,7884.0,211.39861322509722,7.369999999999887,693.4036939314053,7.649999999999881,6756687.9473,3387038.1030,7809185.8494,1908952.426,43065.326,19904929.6528,10032035.7527,19219789.3101,29251825.0629,9346895.4101
46.948470590569194,467.40702215647025,166.74432171521678,41663.6855623636,VALID,VALID,VALID,7884.0,211.39861322509722,7.199999999999891,703.9285714285783,7.459999999999885,6884584.4455,3427058.5111,7824512.9553,1937759.398,44344.327,20118259.6377,10201169.7073,19217958.2196,29419127.9269,9300868.2891
54.62545017410949,463.31290360875744,160.0016159323061,39530.73742002968,VALID,VALID,VALID,7884.0,211.39861322509722,6.679999999999902,738.202247191018,6.7999999999998995,7970311.8147,3380062.1302,7470585.3233,1928883.933,40936.059,20790779.2614,10509134.3032,19221725.3359,29730859.6392,8940080.3778
50.729473317011106,465.63301081062053,172.48295475463914,42042.58714041583,VALID,VALID,VALID,7884.0,211.39861322509722,6.959999999999896,719.3430656934374,7.509999999999884,7671068.3472,3520539.8530,8346255.2123,1966987.884,44203.232,21549054.5296,10570814.5244,19235288.5079,29806103.0323,8257048.5027
49.08483880504387,468.63667535955807,158.63934845422628,40923.85524493124,VALID,VALID,VALID,7884.0,211.39861322509722,6.809999999999899,729.3246993524582,6.989999999999895,7325121.5387,3496823.7526,7575797.5719,1992355.610,42683.877,20432782.3519,10583111.5100,19215880.9218,29798992.4318,9366210.0799
49.23245517708174,463.9191518077008,162.91431707546224,44538.516446528425,VALID,VALID,VALID,7884.0,211.39861322509722,6.369999999999909,760.2700096432083,7.189999999999891,8335374.2609,3927226.1999,8826384.4679,2177308.060,45296.258,23311589.2484,11692616.9254,19222084.4617,30914701.3871,7603112.1388
51.55335031109068,480.9506404772994,170.41329462434712,41556.221458011816,VALID,VALID,VALID,7884.0,211.39861322509722,6.689999999999902,737.5116931711948,7.309999999999889,7900086.7615,3685067.7646,8356576.9734,2060085.495,43057.655,22044874.6506,11048720.1992,19231618.1608,30280338.3600,8235463.7094
52.20695920952925,482.17988934056086,168.9565690139681,39977.14403353511,VALID,VALID,VALID,7884.0,211.39861322509722,6.859999999999898,725.9668508287361,7.209999999999891,7575773.0885,3498465.9945,7845554.0673,1978130.703,41809.210,20939733.0641,10594668.1185,19224673.7909,29819341.9094,8879608.8453
45.656249688826726,484.13064043599184,165.71733439378994,43621.724783902144,VALID,VALID,VALID,7884.0,211.39861322509722,6.719999999999901,735.4477611940366,7.399999999999887,7323604.8336,3882909.2649,8506337.0168,2165346.032,45273.412,21923470.5601,11325982.1011,19237914.1956,30563896.2967,8640425.7366
52.20596694556521,463.13401407043614,156.4885753036348,44558.66884778632,VALID,VALID,VALID,7884.0,211.39861322509722,5.909999999999918,795.560040363276,6.7699999999999,9253271.7712,4104420.5762,8875805.7431,2280163.883,43995.873,24557657.8473,12423652.1569,19226492.6605,31650144.8174,7092486.9701
48.39354941226071,465.4729106437376,165.7017881947124,43406.04870373157,VALID,VALID,VALID,7884.0,211.39861322509722,6.709999999999901,736.1344537815194,7.339999999999888,7731519.9166,3718277.6661,8471388.0504,2077130.347,45024.532,22043340.5131,11070657.1555,19216393.9676,30287051.1230,8243710.6099
51.597780147573985,463.1620610433072,166.52609504834956,40746.1093878108,VALID,VALID,VALID,7884.0,211.39861322509722,6.949999999999896,720.0000000000068,7.22999999999989,7568671.6586,3396969.3606,7816654.6384,1923160.668,42817.641,20748273.9673,10353544.7059,19227768.9541,29581313.6599,8833039.6926
51.012492965527095,486.5232188388013,155.1527280974257,42845.53216775767,VALID,VALID,VALID,7884.0,211.39861322509722,5.969999999999917,790.7723169508591,6.659999999999902,8641786.8642,4120980.6826,8410782.4082,2315398.619,42476.685,23531425.2598,12390653.8486,19231821.5389,31622475.3875,8091050.1276
45.410034048154216,478.97799585305495,160.62451239146355,41233.31148005769,VALID,VALID,VALID,7884.0,211.39861322509722,7.059999999999894,712.8390596745096,7.209999999999891,6673620.9407,3519615.9288,7553904.8191,2003122.550,43577.639,19793841.8779,10424187.4994,19223782.5104,29647970.0098,9854128.1319
49.91676812913556,467.2110330035675,189.48683260487672,39738.18585182081,VALID,VALID,VALID,7884.0,211.39861322509722,8.17999999999987,647.2906403940956,8.269999999999868,6419834.4263,3004418.7419,7798415.7188,1679406.996,44185.519,18946261.4026,8910038.5240,19231694.5562,28141733.0803,9195471.6777
53.97328720875055,477.2939787739363,164.9879208958799,39477.63498053275,VALID,VALID,VALID,7884.0,211.39861322509722,6.729999999999901,734.7623485554587,6.979999999999896,7827929.2974,3461178.4024,7657202.8660,1967032.088,40995.140,20954337.7952,10627749.3863,19237041.3940,29864790.7803,8910452.9851
53.35849099852302,483.5536183378236,155.42900761502293,40600.98625576321,VALID,VALID,VALID,7884.0,211.39861322509722,6.179999999999913,774.4597249508907,6.579999999999904,8388976.2395,3801194.2793,7819652.9319,2162679.072,40807.800,22213310.3238,11654138.3848,19226090.4096,30880228.7943,8666918.4706
45.713213295223994,465.9941641429541,163.71255819110425,44173.78339908483,VALID,VALID,VALID,7884.0,211.39861322509722,6.7799999999999,731.3543599257953,7.399999999999887,7384212.8446,3763682.1439,8462417.1464,2103976.226,45998.263,21760286.6258,11079131.6505,19217020.3604,30296152.0109,8535865.3851
54.685983351945744,463.9001980202822,168.38983334682015,41319.91285866709,VALID,VALID,VALID,7884.0,211.39861322509722,6.589999999999904,744.4759206798934,7.149999999999892,8411163.6477,3567587.3803,8287926.7151,2001187.713,42571.089,22310436.5462,10953120.3858,19229316.0611,30182436.4469,7871999.9007
54.52314590880418,471.2753762067073,164.39331034667853,42904.10919493064,VALID,VALID,VALID,7884.0,211.39861322509722,6.119999999999914,779.0513833992161,6.959999999999896,9112045.9847,3938036.6154,8791624.2014,2184829.000,42957.174,24069492.9762,11965641.7367,19239928.4396,31205570.1763,7136077.2001
46.85375959820912,474.26066402893605,162.04030416060306,41831.88614171482,VALID,VALID,VALID,7884.0,211.39861322509722,6.909999999999897,722.6397800183386,7.2199999999998905,7081801.6878,3584152.0507,7837405.9838,2030966.167,43865.860,20578191.7505,10671367.5447,19229717.6476,29901085.1923,9322893.4417
49.50368618568407,480.883003373463,151.9984972498386,44712.24675532731,VALID,VALID,VALID,7884.0,211.39861322509722,5.789999999999921,805.3115423902005,6.619999999999903,8912467.5263,4328823.2471,8756885.9625,2413696.031,43781.262,24455654.0296,12898337.4881,19231199.6700,32129537.1581,7673883.1285
47.96631348908313,476.1491330118874,158.0632668637655,44128.81316019611,VALID,VALID,VALID,7884.0,211.39861322509722,6.249999999999911,769.1707317073237,6.979999999999896,8140504.9245,4040433.8797,8584123.0393,2257932.805,44549.651,23067544.3006,11984535.9291,19231237.7956,31215773.7247,8148229.4241
47.22274358586981,473.58249686967287,169.96982925651986,41251.31482149285,VALID,VALID,VALID,7884.0,211.39861322509722,7.279999999999889,698.9361702127728,7.5499999999998835,6807639.2149,3413586.8994,7840921.9770,1926939.561,44078.416,20033166.0691,10128318.4898,19216912.5802,29345231.0700,9312065.0010
48.59439298121774,478.019869419236,171.46722140914676,41584.53338495675,VALID,VALID,VALID,7884.0,211.39861322509722,7.059999999999894,712.8390596745096,7.519999999999884,7202437.3145,3542495.2689,8132506.4094,1988369.914,43948.829,20909757.7373,10518392.0781,19231456.4448,29749848.5229,8840090.7856
45.18585666837926,465.57552420219065,150.08201686909555,43004.46191340792,VALID,VALID,VALID,7884.0,211.39861322509722,6.559999999999905,746.5909090909158,6.819999999999899,7253852.8298,3737028.1131,7709830.9465,2131304.936,44230.245,20876247.0712,11166840.1009,19215573.7900,30382413.8909,9506166.8197
47.769713225594884,482.8033213427642,170.98800261349083,43571.85207891782,VALID,VALID,VALID,7884.0,211.39861322509722,6.709999999999901,736.1344537815194,7.519999999999884,7661006.0235,3871447.9355,8775033.5818,2138432.001,45196.518,22491116.0609,11311548.6935,19229214.2714,30540762.9649,8049646.9040
54.508737232871844,469.21768114207714,166.82703864370737,41809.08853536807,VALID,VALID,VALID,7884.0,211.39861322509722,6.399999999999908,758.0769230769298,7.069999999999894,8638137.2766,3717905.5580,8460000.7083,2078339.351,42597.415,22936980.3093,11358313.2610,19229948.9115,30588262.1725,7651281.8632
49.74801710049246,484.9842903382462,171.12753189785172,41113.638360462515,VALID,VALID,VALID,7884.0,211.39861322509722,6.919999999999897,721.9780219780288,7.4099999999998865,7383387.6024,3598964.5471,8127364.8830,2020871.461,43135.543,21173724.0373,10717483.3724,19225512.3021,29942995.6745,8769271.6372
47.885687880394606,477.5299107445961,166.72849094362846,42427.70756133042,VALID,VALID,VALID,7884.0,211.39861322509722,6.809999999999899,729.3246993524582,7.349999999999888,7408771.8865,3694120.6593,8254680.9190,2072248.828,44252.406,21474074.6995,10949536.4289,19218564.9004,30168101.3293,8694026.6298
53.219613773331304,469.4375668630887,152.04869992133905,39750.74636833249,VALID,VALID,VALID,7884.0,211.39861322509722,6.419999999999908,756.6218809980874,6.509999999999906,8003241.2210,3529734.4526,7316895.9279,2023464.545,40548.846,20913884.9932,10934199.8109,19218874.7400,30153074.5509,9239189.5577
54.43638382806653,471.574258205479,176.55528381570508,42025.37649902512,VALID,VALID,VALID,7884.0,211.39861322509722,6.649999999999903,740.2816901408519,7.469999999999885,8467747.3709,3667741.5033,8788390.0301,2022236.320,43445.976,22989561.2014,11057259.9870,19220025.3879,30277285.3750,7287724.1736
52.87079404815458,469.9983937247866,153.6868753363186,43591.84202928863,VALID,VALID,VALID,7884.0,211.39861322509722,5.83999999999992,801.2195121951285,6.589999999999904,9232994.4725,4103865.5173,8588424.4927,2299392.788,42834.024,24267511.2951,12502818.4330,19232826.1512,31735644.5842,7468133.2891
51.319621322671104,476.5338095663981,158.018742076762,42917.20696402711,VALID,VALID,VALID,7884.0,211.39861322509722,6.129999999999914,778.2823297137282,6.809999999999899,8570813.9581,3979260.2919,8444952.3536,2232270.046,42998.013,23270294.6629,12007613.2569,19225219.7649,31232833.0218,7962538.3589
51.58966574912073,480.7453672049608,164.3607795015652,41353.201800058465,VALID,VALID,VALID,7884.0,211.39861322509722,6.519999999999905,749.4296577946835,7.049999999999894,7994158.1353,3724732.8825,8150010.9357,2097633.223,42433.309,22008968.4868,11244574.5177,19220417.8286,30464992.3463,8456023.8595
53.510111470918396,476.6790772240258,159.22465774708925,42892.74788545733,VALID,VALID,VALID,7884.0,211.39861322509722,5.989999999999917,789.1891891891958,6.7599999999999,9056718.2490,4033955.4329,8623733.0411,2252552.376,42580.535,24009539.6342,12244119.3099,19242514.2877,31486633.5976,7477093.9634
45.60682170750547,489.18423450320347,160.37250267466254,40467.514045244905,VALID,VALID,VALID,7884.0,211.39861322509722,7.039999999999894,714.1304347826156,7.139999999999892,6589976.7206,3534243.9977,7415389.3277,2015613.263,42724.404,19597947.7142,10453569.1660,19233205.7200,29686774.8860,10088827.1718
47.26524795747909,472.33143230686824,162.97109577810792,42924.98687600793,VALID,VALID,VALID,7884.0,211.39861322509722,6.729999999999901,734.7623485554587,7.24999999999989,7453650.2372,3724293.6878,8224085.8081,2094539.029,44575.007,21541143.7700,11061574.5847,19236744.5343,30298319.1190,8757175.3490
51.47983801446672,473.0191456263693,168.94044199456468,42970.65851671433,VALID,VALID,VALID,7884.0,211.39861322509722,6.499999999999906,750.8571428571496,7.289999999999889,8304940.0495,3815470.0930,8721334.3122,2115028.713,44041.487,23000814.6553,11411890.5420,19227726.7725,30639617.3145,7638802.6592
54.294748945294224,473.38628783812993,173.36983881870398,42757.959493380666,VALID,VALID,VALID,7884.0,211.39861322509722,6.419999999999908,756.6218809980874,7.329999999999888,8782612.1010,3828701.8734,8974068.8309,2103325.855,43616.437,23732325.0980,11506927.4475,19241208.2929,30748135.7404,7015810.6424
49.18092559203107,476.4932576552654,161.80016319152136,41948.505431052254,VALID,VALID,VALID,7884.0,211.39861322509722,6.6099999999999035,743.0725730443046,7.0799999999998935,7665040.0098,3713167.0870,8069500.6661,2096233.580,43268.165,21587209.5081,11136970.0077,19218372.2318,30355342.2395,8768132.7314
53.20500743843361,471.39607979045815,152.3132759133734,43236.13061155968,VALID,VALID,VALID,7884.0,211.39861322509722,5.809999999999921,803.6697247706487,6.509999999999906,9243723.3858,4094966.9745,8468025.7491,2302380.689,42395.509,24151492.3076,12520049.9674,19232398.2432,31752448.2106,7600955.9030
53.89354000753752,485.041832102384,152.17298922768856,40928.47035675278,VALID,VALID,VALID,7884.0,211.39861322509722,5.959999999999917,791.5662650602476,6.409999999999908,8730105.7927,3928547.3802,7888062.5444,2235038.532,40548.831,22822303.0812,12073852.4316,19216109.6933,31289962.1248,8467659.0437
46.71834295113289,487.0405191884365,152.03293394054356,40278.00371323466,VALID,VALID,VALID,7884.0,211.39861322509722,6.689999999999902,737.5116931711948,6.729999999999901,6938958.3828,3616945.3794,7225942.5984,2073620.680,41733.255,19897200.2957,10820983.3807,19216330.3380,30037313.7187,10140113.4230
47.8151774704415,475.5688197938433,151.6368418169606,41576.183867975196,VALID,VALID,VALID,7884.0,211.39861322509722,6.479999999999906,752.2900763358846,6.709999999999901,7477660.3334,3718633.1701,7588477.8490,2124257.767,42562.218,20951591.3389,11206584.5412,19224033.1491,30430617.6903,9479026.3514
53.303628155914005,477.0366604171931,172.60004146466173,38585.69489304736,VALID,VALID,VALID,7884.0,211.39861322509722,7.24999999999989,700.8000000000069,7.329999999999888,7206878.3946,3224869.7887,7467604.3056,1830324.908,41169.701,19770847.0995,9835684.2390,19217485.9356,29053170.1747,9282323.0752
51.46971045963464,477.83219142344706,164.932842808568,41450.14087420742,VALID,VALID,VALID,7884.0,211.39861322509722,6.569999999999904,745.8845789971685,7.099999999999893,7956450.5636,3693286.9593,8158771.4306,2079109.069,42656.213,21930274.2370,11152036.6495,19221797.4565,30373834.1060,8443559.8690
46.23073577238049,465.96188459086324,157.0596390748336,43110.39782491251,VALID,VALID,VALID,7884.0,211.39861322509722,6.679999999999902,738.202247191018,7.0799999999998935,7356279.1851,3707215.1842,7997273.9136,2099347.981,44642.977,21204759.2413,11055404.2914,19232342.4105,30287746.7019,9082987.4605
53.14895238180427,488.47530744492184,163.82695184785194,38294.53059757033,VALID,VALID,VALID,7884.0,211.39861322509722,6.859999999999898,725.9668508287361,6.919999999999897,7387853.1402,3394971.7466,7287169.5500,1938875.280,40049.486,20048919.2033,10370972.4723,19219476.2889,29590448.7612,9541529.5579
49.971392001285714,486.48072660015123,162.6895283877782,39741.644991965135,VALID,VALID,VALID,7884.0,211.39861322509722,6.849999999999898,726.6359447004677,7.0299999999998946,7215296.2710,3512112.0625,7516961.0483,2000310.873,41540.582,20286220.8375,10582761.8047,19215582.9076,29798344.7123,9512123.8748
52.87703376507239,488.1154496709737,154.70817161056692,39575.86725852332,VALID,VALID,VALID,7884.0,211.39861322509722,6.3299999999999095,763.2139399806456,6.549999999999905,7985715.3127,3685863.9217,7476700.2734,2108121.874,40151.311,21296552.6946,11294848.1364,19221901.2849,30516749.4213,9220196.7267
51.19107723923036,488.52438665061334,157.8759008955517,43654.00813192905,VALID,VALID,VALID,7884.0,211.39861322509722,5.899999999999919,796.3636363636429,6.7599999999999,8898151.9774,4245822.1935,8781553.8832,2359444.765,43073.171,24328045.9916,12657620.5711,19238361.5204,31895982.0915,7567936.0999
53.670494372252634,465.8440279933218,156.37148785297688,44366.88393570629,VALID,VALID,VALID,7884.0,211.39861322509722,5.789999999999921,805.3115423902005,6.679999999999902,9588009.4054,4161054.3876,8939235.9884,2307924.232,43443.090,25039667.1039,12646386.8457,19241498.1856,31887885.0313,6848217.9275
47.14400121879419,484.80846744650285,169.91965324394118,42273.9516591819,VALID,VALID,VALID,7884.0,211.39861322509722,6.929999999999897,721.317474839897,7.4999999999998845,7187796.0173,3695808.8849,8290159.6828,2067760.959,44376.375,21285901.9204,10859320.7057,19217357.8217,30076678.5274,8790776.6070
52.880640916840605,464.632388903519,170.4512028165666,40879.05213588383,VALID,VALID,VALID,7884.0,211.39861322509722,6.909999999999897,722.6397800183386,7.319999999999888,7810689.9179,3431406.5153,8056431.8026,1931574.415,42866.697,21272969.3486,10463242.2279,19231640.3946,29694882.6225,8421913.2739
47.272647215303984,470.1476463632591,164.89882135338092,44522.527437324046,VALID,VALID,VALID,7884.0,211.39861322509722,6.559999999999905,746.5909090909158,7.339999999999888,7856740.9680,3906940.3680,8770009.0543,2166534.062,45791.581,22746016.0344,11496272.8485,19242212.3291,30738485.1776,7992469.1433
49.73011324828643,487.7395944417853,155.3854804480482,41737.960676584,VALID,VALID,VALID,7884.0,211.39861322509722,6.249999999999911,769.1707317073237,6.729999999999901,7982582.7328,3914551.3758,7981497.7100,2219573.307,42135.998,22140341.1245,11773842.6027,19231018.0177,31004860.6205,8864519.4960
47.39750499508167,476.08184694410915,154.16308207063102,42438.540855572,VALID,VALID,VALID,7884.0,211.39861322509722,6.449999999999907,754.4497607655569,6.839999999999899,7587806.6158,3810767.0312,7897527.2925,2164697.740,43368.038,21504166.7179,11413496.6468,19235105.4892,30648602.1360,9144435.4181
46.798301903454465,483.49598153794034,153.30047207802508,44874.965069210324,VALID,VALID,VALID,7884.0,211.39861322509722,6.009999999999916,787.6123876123942,6.7999999999998995,8270214.2531,4272179.9672,8669222.2418,2385391.018,44607.761,23641615.2423,12577885.5143,19227780.5709,31805666.0852,8164050.8429
52.21869270578313,484.51444833056695,166.79989091941923,41484.48311172252,VALID,VALID,VALID,7884.0,211.39861322509722,6.479999999999906,752.2900763358846,7.109999999999893,8148300.1003,3780225.9338,8328882.9956,2118431.543,42468.343,22418308.9166,11380839.4425,19241135.9848,30621975.4273,8203666.5107
52.542303026657954,466.8634328139085,153.11474918726395,44577.723475674335,VALID,VALID,VALID,7884.0,211.39861322509722,5.739999999999922,809.4455852156123,6.589999999999904,9479483.0365,4211486.4945,8839802.3472,2344862.350,43494.739,24919128.9680,12774223.2727,19229141.0898,32003364.3625,7084235.3945
50.816146177961244,471.32404712618626,159.92239732606734,43419.181827755754,VALID,VALID,VALID,7884.0,211.39861322509722,6.219999999999912,771.428571428578,6.9399999999998965,8510382.6069,3946725.8682,8570509.2796,2206023.863,43750.904,23277392.5230,11873641.1784,19237810.5283,31111451.7067,7834059.1837
47.317096516971496,478.53342604017627,170.95761174478568,44628.34601544255,VALID,VALID,VALID,7884.0,211.39861322509722,6.639999999999903,740.9774436090294,7.559999999999883,7823550.1554,3956107.3431,9045325.5902,2168310.500,46110.852,23039404.4419,11490426.5106,19234790.0174,30725216.5281,7685812.0862
47.06555571628007,467.316666390693,153.17256534909896,41778.74741955942,VALID,VALID,VALID,7884.0,211.39861322509722,6.679999999999902,738.202247191018,6.859999999999898,7257782.9024,3603147.6307,7558432.6346,2057217.307,43263.986,20519844.4623,10845986.6472,19223925.0340,30069911.6812,9550067.2189
48.90432304559059,475.3531383107753,161.78140672146273,42911.85107364692,VALID,VALID,VALID,7884.0,211.39861322509722,6.489999999999906,751.5729265967656,7.099999999999893,7886160.8751,3832699.3277,8348279.2231,2151108.445,43955.413,22262203.2845,11442262.9026,19234649.7376,30676912.6402,8414709.3558
49.25979984716793,486.7340949372976,159.0706685215075,39888.08360950031,VALID,VALID,VALID,7884.0,211.39861322509722,6.7699999999999,732.0334261838508,6.909999999999897,7191785.5865,3553087.1616,7431631.6001,2028623.961,41512.801,20246641.1112,10700198.5519,19233687.2259,29933885.7777,9687244.6666
51.520283376701975,464.27785405651804,154.48547090543283,44925.217079256196,VALID,VALID,VALID,7884.0,211.39861322509722,5.83999999999992,801.2195121951285,6.709999999999901,9272352.8289,4177915.7560,8897117.4802,2321092.387,44144.219,24712622.6719,12607117.3633,19220779.4064,31827896.7697,7115274.0978
51.46095968694646,462.92314874957174,168.61517302651202,40400.80423726963,VALID,VALID,VALID,7884.0,211.39861322509722,7.109999999999893,709.6309630963165,7.319999999999888,7376841.5045,3317962.5078,7734623.9277,1878686.254,42806.671,20350920.8665,10099284.4639,19218264.8940,29317549.3579,8966628.4914
54.40042709103837,477.92546627107987,156.96022981440603,39847.26037593987,VALID,VALID,VALID,7884.0,211.39861322509722,6.349999999999909,761.7391304347893,6.619999999999903,8256139.9695,3626643.9029,7622796.7833,2068926.785,40476.015,21614983.4565,11206681.3191,19237542.0526,30444223.3718,8829239.9152
45.48342499013042,488.78487922519463,161.83766994282556,42344.03117730631,VALID,VALID,VALID,7884.0,211.39861322509722,6.7499999999999005,733.395348837216,7.2199999999998905,7062419.6023,3794793.2825,8041368.2679,2141752.835,44020.342,21084354.3311,11146438.8511,19215854.5459,30362293.3970,9277939.0659
53.968093778095316,488.27693561823236,150.85735696864734,44852.54048544667,VALID,VALID,VALID,7884.0,211.39861322509722,5.329999999999931,845.0160771704243,6.339999999999909,10227255.4019,4626560.4155,9148259.9349,2550227.361,42422.721,26594725.8344,13889901.8338,19238077.4029,33127979.2367,6533253.4023
46.00133122694622,461.7689033986282,158.76088501542395,43524.4085079105,VALID,VALID,VALID,7884.0,211.39861322509722,6.7499999999999005,733.395348837216,7.179999999999891,7341950.1827,3684984.9714,8108388.0151,2080986.299,45247.448,21261556.9171,10969556.8275,19236005.1888,30205562.0163,8944005.0992
45.62671605557962,470.01748225364497,152.14310189506296,42515.28125069346,VALID,VALID,VALID,7884.0,211.39861322509722,6.619999999999903,742.372881355939,6.869999999999898,7200395.8267,3708695.4862,7683151.6315,2114633.995,43877.759,20750754.6991,11077015.7300,19231485.8249,30308501.5549,9557746.8558
54.19868859456784,478.8440944263355,158.00768388456896,43846.7425217203,VALID,VALID,VALID,7884.0,211.39861322509722,5.729999999999922,810.2774922918873,6.669999999999902,9627862.7858,4253096.6675,8981922.4132,2351445.619,42750.876,25257078.3628,12846657.3971,19224093.0901,32070750.4872,6813672.1244
49.10238363411571,470.13938775874044,176.89009296163385,43743.052756957804,VALID,VALID,VALID,7884.0,211.39861322509722,6.909999999999897,722.6397800183386,7.759999999999879,7760747.1293,3715331.7557,8946526.3691,2037134.187,45869.953,22505609.3950,10899389.7450,19221117.2988,30120507.0439,7614897.6488
54.82677204663713,467.2691329645728,169.16956260081272,39401.98375244859,VALID,VALID,VALID,7884.0,211.39861322509722,6.9399999999998965,720.6581352833706,7.159999999999892,7784129.6872,3317068.8279,7685809.0470,1880644.731,41383.397,20709035.6912,10236373.3381,19223633.7258,29460007.0639,8750971.3726
47.38343477857647,483.106546974215,160.17910923670678,40873.694083229544,VALID,VALID,VALID,7884.0,211.39861322509722,6.849999999999898,726.6359447004677,7.069999999999894,7036510.0295,3587101.7783,7611786.9558,2041595.042,42723.874,20319717.6807,10706007.1405,19230144.5473,29936151.6878,9616434.0071
47.28554082168077,478.15875998284787,153.52104328421507,43804.558632898494,VALID,VALID,VALID,7884.0,211.39861322509722,6.1899999999999125,773.699705593726,6.809999999999899,8012907.0573,4051388.2635,8324911.7074,2282139.391,44055.657,22715402.0768,12052784.2094,19228677.0867,31281461.2962,8566059.2193
54.11764689374144,471.72343374494466,154.6093836551809,40324.00062545027,VALID,VALID,VALID,7884.0,211.39861322509722,6.2799999999999105,766.9260700389171,6.559999999999905,8368083.8397,3647073.9854,7650202.7510,2081189.490,40784.585,21787334.6524,11295345.5592,19215555.2193,30510900.7785,8723566.1262
49.239499209713976,474.6548540139236,166.16094094063337,43840.860751477616,VALID,VALID,VALID,7884.0,211.39861322509722,6.459999999999907,753.7284894837543,7.269999999999889,8135376.0953,3921136.2979,8785023.5268,2171970.351,44827.633,23058333.9053,11606577.3167,19232125.9689,30838703.2856,7780369.3803
49.937852985908535,464.6444327051476,154.4492342746702,42137.43146960346,VALID,VALID,VALID,7884.0,211.39861322509722,6.419999999999908,756.6218809980874,6.7799999999999,7960618.7773,3703460.3759,7878666.1484,2105140.121,42983.450,21690868.8741,11270798.5969,19238562.0638,30509360.6608,8818491.7867
53.46683989678384,479.72110446357965,171.16100091022614,39647.66142264313,VALID,VALID,VALID,7884.0,211.39861322509722,6.909999999999897,722.6397800183386,7.24999999999989,7659386.0886,3436119.6220,7846287.9306,1941221.465,41575.433,20924590.5395,10459599.9795,19217353.6331,29676953.6126,8752363.0731
54.69028527660367,487.84092411300435,175.30733749902916,42163.949535223044,VALID,VALID,VALID,7884.0,211.39861322509722,6.369999999999909,760.2700096432083,7.329999999999888,8765755.1832,3909555.4974,8991439.3802,2141932.698,42881.292,23851564.0520,11669071.0005,19224093.8109,30893164.8114,7041600.7594
54.787387098455014,489.0255127878268,152.94272154593742,42197.38381262034,VALID,VALID,VALID,7884.0,211.39861322509722,5.679999999999923,814.4628099173618,6.389999999999908,9414719.3292,4201731.6316,8410185.6171,2363581.765,40994.388,24431212.7317,12837694.5720,19240663.5882,32078358.1602,7647145.4285
47.720304252040215,489.73483366030837,158.01828816177348,43161.40224199095,VALID,VALID,VALID,7884.0,211.39861322509722,6.259999999999911,768.4210526315857,6.929999999999897,7913489.1066,4060652.3073,8385368.1764,2278834.042,43600.194,22681943.8277,12006226.0339,19222030.6381,31228256.6720,8546312.8443
54.78477772387198,477.84340070392534,171.26939915087425,42602.35557169787,VALID,VALID,VALID,7884.0,211.39861322509722,6.2799999999999105,766.9260700389171,7.199999999999891,8949876.0782,3903127.2908,8953376.9755,2147016.780,43088.964,23996486.0891,11749226.1959,19230205.6919,30979431.8878,6982945.7987
45.65850012465091,468.407833020041,166.95663495957223,42827.3463706058,VALID,VALID,VALID,7884.0,211.39861322509722,7.109999999999893,709.6309630963165,7.529999999999884,6938176.8850,3558917.1687,8118529.7795,2001154.010,45377.714,20662155.5581,10492212.2048,19217579.1024,29709791.3072,9047635.7491
50.04349235643974,466.792332823921,155.64036304827155,44185.116847858226,VALID,VALID,VALID,7884.0,211.39861322509722,6.079999999999915,782.1428571428637,6.819999999999899,8647283.6614,4032977.6389,8606058.8025,2256149.939,44125.025,23586595.0674,12134418.8289,19216976.2050,31351395.0339,7764799.9665
53.74802590110565,470.0803991407502,162.9878195068885,40634.11932889441,VALID,VALID,VALID,7884.0,211.39861322509722,6.549999999999905,747.2985781990589,6.9399999999998965,8160514.2921,3568594.1496,7918813.9589,2021059.271,41768.184,21710749.8567,10965289.8658,19232358.5555,30197648.4212,8486898.5645
47.47613184452488,478.03183817442033,152.44802183578997,41126.55965122907,VALID,VALID,VALID,7884.0,211.39861322509722,6.589999999999904,744.4759206798934,6.7499999999999005,7268057.7291,3659062.8398,7468180.6143,2092526.732,42371.881,20530199.7967,11003917.5918,19222078.3633,30225995.9551,9695796.1584
54.2207696570992,484.50039672467165,154.10152941428083,40118.45599677347,VALID,VALID,VALID,7884.0,211.39861322509722,6.1399999999999135,777.5147928994149,6.479999999999906,8456459.1123,3778218.0341,7690946.7180,2155314.759,40219.858,22121158.4822,11644332.3385,19221306.0003,30865638.3388,8744479.8566
49.24672861888669,483.797485785616,172.4640932509335,41682.52278106238,VALID,VALID,VALID,7884.0,211.39861322509722,6.929999999999897,721.317474839897,7.4999999999998845,7403342.4819,3636503.9665,8296580.3186,2032899.953,43755.533,21413082.2539,10774304.8924,19232888.7067,30007193.5991,8594111.3452
51.44309280676134,474.9678251449404,156.27538236454782,43913.829223664,VALID,VALID,VALID,7884.0,211.39861322509722,5.929999999999918,793.957703927499,6.739999999999901,8968003.1257,4140024.1589,8717846.7145,2307948.205,43418.284,24177240.4897,12457091.3948,19219692.7128,31676784.1076,7499543.6180
50.07619924060951,465.1076021924874,172.87685787185876,40442.623649684014,VALID,VALID,VALID,7884.0,211.39861322509722,7.379999999999887,692.7943760984251,7.559999999999883,7015280.4673,3257895.2939,7749978.8732,1839991.011,43422.950,19906568.5968,9813744.4423,19232960.3645,29046704.8068,9140136.2099
51.781238479431785,487.0549733439201,173.81656502062722,39190.46262963185,VALID,VALID,VALID,7884.0,211.39861322509722,7.169999999999892,705.819158460168,7.4099999999998865,7161702.4047,3368153.0958,7692809.5086,1904928.892,41649.738,20169243.6406,10144693.0620,19226249.1955,29370942.2575,9201698.6169
52.16983815891875,467.42996369061865,168.93017939867238,41845.67225827598,VALID,VALID,VALID,7884.0,211.39861322509722,6.699999999999902,736.8224299065488,7.279999999999889,8042718.7331,3603047.1418,8333752.7821,2017389.294,43381.791,22040289.7431,10908212.2722,19221986.4609,30130198.7331,8089908.9900
54.087276496789926,461.35587323597133,168.3754412700429,42062.0146633214,VALID,VALID,VALID,7884.0,211.39861322509722,6.539999999999905,748.007590132834,7.189999999999891,8508660.4545,3628876.0761,8476075.2705,2026537.149,43210.880,22683359.8313,11092557.6056,19223072.5202,30315630.1258,7632270.2946
49.948497171273026,485.6919609340787,158.83673417614975,44612.75512565318,VALID,VALID,VALID,7884.0,211.39861322509722,5.919999999999918,794.7580645161356,6.869999999999898,8854956.2183,4305215.6653,9010832.5600,2374726.426,44079.330,24589810.2003,12709204.9793,19216542.7619,31925747.7413,7335937.5410
54.82731131319612,464.387074653858,150.99549678912766,40293.862695320255,VALID,VALID,VALID,7884.0,211.39861322509722,6.209999999999912,772.1841332027491,6.409999999999908,8529561.9737,3612267.5343,7516986.2129,2067754.621,40576.134,21767146.4763,11288591.6910,19227484.9557,30516076.6467,8748930.1704
49.639846958902126,460.8188962865745,154.62662453462198,41154.78909527237,VALID,VALID,VALID,7884.0,211.39861322509722,6.689999999999902,737.5116931711948,6.819999999999899,7533377.4726,3496709.7049,7509197.8806,1997124.604,42641.718,20579051.3814,10670455.9099,19236112.8223,29906568.7323,9327517.3509
54.04201139199398,478.0495432624188,158.6544711083522,41517.12173332007,VALID,VALID,VALID,7884.0,211.39861322509722,6.129999999999914,778.2823297137282,6.709999999999901,8731038.7703,3861689.2570,8202319.9516,2178593.974,41595.292,23015237.2452,11825737.9779,19230934.2058,31056672.1837,8041434.9385
54.83455493161324,476.73348828261936,155.6703424183013,43036.746830530836,VALID,VALID,VALID,7884.0,211.39861322509722,5.749999999999922,808.6153846153911,6.559999999999905,9541260.7004,4147602.2756,8667768.4007,2316449.927,42021.212,24715102.5163,12670803.7160,19222311.9771,31893115.6931,7178013.1768
53.05965223008354,486.9329355929447,157.623974496481,39257.56831480014,VALID,VALID,VALID,7884.0,211.39861322509722,6.489999999999906,751.5729265967656,6.669999999999902,7827605.4330,3591729.9982,7441093.8016,2053108.546,40212.263,20953750.0422,11005854.9027,19237690.7339,30243545.6366,9289795.5945
54.670435587854975,464.9235276101122,170.86729039872375,41345.71755740785,VALID,VALID,VALID,7884.0,211.39861322509722,6.649999999999903,740.2816901408519,7.24999999999989,8366620.6833,3557534.1228,8367706.8416,1989304.359,42743.342,22323909.3500,10886582.9741,19218170.6991,30104753.6732,7780844.3232
46.41833264957227,489.39009288891805,157.6919390383378,40060.30976650241,VALID,VALID,VALID,7884.0,211.39861322509722,6.929999999999897,721.317474839897,6.979999999999896,6706567.4635,3535378.6819,7290716.8681,2021205.184,42052.642,19595920.8398,10517238.3448,19215555.6532,29732793.9981,10136873.1583
51.964786754543184,485.5950670191464,165.77359575021146,43009.2222959028,VALID,VALID,VALID,7884.0,211.39861322509722,6.199999999999912,772.9411764705949,7.069999999999894,8637482.6339,4035731.9066,8817457.4754,2232806.276,43283.165,23766761.4577,12026609.0489,19223949.1822,31250558.2311,7483796.7734
47.058969564391376,465.8513856366557,165.9713140006294,43180.09290177202,VALID,VALID,VALID,7884.0,211.39861322509722,6.899999999999897,723.3027522935848,7.419999999999886,7348794.5792,3637400.2333,8293860.0920,2039812.958,45255.573,21365123.4371,10788946.4781,19234768.9241,30023715.4022,8658591.9651
48.20862260494459,485.7985052606717,165.73650024276282,43956.9894063441,VALID,VALID,VALID,7884.0,211.39861322509722,6.389999999999908,758.8065447545785,7.25999999999989,8039957.1796,4050934.2200,8844986.0995,2238318.190,44758.874,23218954.5645,11864829.0584,19221579.3716,31086408.4300,7867453.8655
49.37145928092706,485.50893011853094,188.7979364121273,40618.99937813874,VALID,VALID,VALID,7884.0,211.39861322509722,7.69999999999988,673.8461538461607,8.16999999999987,6756720.3226,3322210.9521,8268128.1689,1841859.719,44258.836,20233177.9997,9729213.2701,19216952.9214,28946166.1914,8712988.1917
52.44044164810295,477.3008337991182,176.43538384878673,43291.263502067384,VALID,VALID,VALID,7884.0,211.39861322509722,6.549999999999905,747.2985781990589,7.539999999999884,8482634.6517,3860349.4410,9132718.8180,2105278.294,44499.487,23625480.6933,11420662.7843,19226176.2082,30646838.9925,7021358.2992
48.25218308669598,466.05059028478377,156.99421031012395,40820.420300785656,VALID,VALID,VALID,7884.0,211.39861322509722,6.899999999999897,723.3027522935848,6.969999999999896,7123354.5516,3440096.7803,7416537.7054,1964256.486,42782.481,19987028.0061,10398956.5102,19224690.6063,29623647.1166,9636619.1105
49.3284508671365,480.55253544736684,164.10509421382906,42104.25989750182,VALID,VALID,VALID,7884.0,211.39861322509722,6.599999999999904,743.7735849056671,7.149999999999892,7723857.7958,3762250.1639,8222593.7461,2115197.974,43404.026,21867303.7061,11235857.5686,19233641.6602,30469499.2288,8602195.5227
49.50458640427286,487.95664194842357,155.6181627466152,39705.62018701626,VALID,VALID,VALID,7884.0,211.39861322509722,6.649999999999903,740.2816901408519,6.7499999999999005,7275526.5948,3585669.3121,7318621.0098,2052595.653,41047.804,20273460.3745,10832749.9772,19236333.0999,30069083.0771,9795622.7026
49.866399160429935,485.55665894069745,150.52698757586168,39790.78070754596,VALID,VALID,VALID,7884.0,211.39861322509722,6.459999999999907,753.7284894837543,6.519999999999905,7477826.8483,3640636.4624,7223234.9994,2089722.275,40686.394,20472106.9800,11059696.8855,19231614.4019,30291311.2874,9819204.3073
48.019024269869135,468.04113278843306,170.32603300278188,41046.23671405446,VALID,VALID,VALID,7884.0,211.39861322509722,7.339999999999888,695.2380952381021,7.5499999999998835,6851572.2523,3339111.6199,7776925.1787,1886761.653,43986.789,19898357.4930,9966736.3437,19235390.8648,29202127.2085,9303769.7155
47.64384391941981,489.88355086916414,174.6583887855193,44221.859385935706,VALID,VALID,VALID,7884.0,211.39861322509722,6.659999999999902,739.5872420262732,7.649999999999881,7791179.4582,4005523.4259,9139782.1096,2182811.161,45742.503,23165038.6589,11541836.2600,19234211.0829,30776047.3429,7611008.6840
52.81199769538701,466.3377682966036,165.49980216488234,42868.662589041734,VALID,VALID,VALID,7884.0,211.39861322509722,6.359999999999909,761.0038610038677,7.109999999999893,8614486.5022,3803359.6396,8638617.7328,2117298.525,43571.569,23217333.9699,11519497.1689,19217135.2084,30736632.3773,7519298.4074
52.798463143147565,476.25323217234234,160.43131641495214,41836.980605226134,VALID,VALID,VALID,7884.0,211.39861322509722,6.259999999999911,768.4210526315857,6.849999999999898,8486934.9648,3827696.8377,8252180.4927,2155315.739,42262.308,22764390.3430,11648355.5062,19233777.8204,30882133.3265,8117742.9836
54.17094820571751,461.5630357221873,158.32693295310278,40152.112992635564,VALID,VALID,VALID,7884.0,211.39861322509722,6.569999999999904,745.8845789971685,6.7599999999999,8111785.8157,3455819.5954,7586733.2525,1970760.768,41320.417,21166419.8490,10734808.7527,19236991.0993,29971799.8520,8805380.0030
52.214822696870876,462.77351577142935,165.05990297120974,42066.75726389318,VALID,VALID,VALID,7884.0,211.39861322509722,6.589999999999904,744.4759206798934,7.129999999999892,8176237.5903,3623249.1274,8270871.2269,2035584.048,43340.548,22149282.5411,11030346.6048,19228900.0265,30259246.6313,8109964.0902
47.98320983665881,466.27716550152655,157.8500567092745,41299.00258283692,VALID,VALID,VALID,7884.0,211.39861322509722,6.859999999999898,725.9668508287361,7.019999999999895,7193092.6546,3494946.3214,7572182.6018,1991578.817,43191.646,20294992.0424,10538248.4088,19228904.9073,29767153.3161,9472161.2737
51.12159850485483,473.1721691882142,155.24798137354318,43604.62081711742,VALID,VALID,VALID,7884.0,211.39861322509722,5.989999999999917,789.1891891891958,6.719999999999901,8796057.7319,4070735.1091,8547903.0194,2280490.484,43287.226,23738473.5709,12286346.2875,19216597.5468,31502943.8344,7764470.2635
51.159726103477446,481.9044467293041,157.10106461220525,43654.03979610086,VALID,VALID,VALID,7884.0,211.39861322509722,5.949999999999918,792.3618090452327,6.7599999999999,8848021.9210,4167243.8784,8694549.5256,2323344.710,43219.947,24076379.9825,12486431.9955,19242654.0999,31729086.0954,7652706.1129
51.87390105118722,460.3979967008309,159.10674419761315,40135.32446685706,VALID,VALID,VALID,7884.0,211.39861322509722,6.829999999999899,727.9778393351869,6.909999999999897,7578161.4043,3362934.2102,7437954.3539,1919168.698,41906.842,20340125.5088,10344549.8878,19220966.5357,29565516.4235,9225390.9147
52.171765781325355,488.82025433315226,170.86694884764535,41040.60553597206,VALID,VALID,VALID,7884.0,211.39861322509722,6.639999999999903,740.9774436090294,7.25999999999989,7932759.5003,3716275.8998,8313746.8182,2078965.877,42403.931,22084152.0266,11141320.5960,19230398.6751,30371719.2711,8287567.2445
49.97099254227347,476.8102125485154,192.84411116046823,43747.19683743478,VALID,VALID,VALID,7884.0,211.39861322509722,7.299999999999889,697.6991150442547,8.349999999999866,7626168.2465,3638345.6857,9417698.1467,1945579.068,46790.809,22674581.9563,10450021.7164,19232238.2469,29682259.9632,7007678.0070
48.71735583645495,481.6823945768931,163.71893365869346,42239.28732074233,VALID,VALID,VALID,7884.0,211.39861322509722,6.6099999999999035,743.0725730443046,7.159999999999892,7645423.1405,3779623.9786,8221796.1296,2125201.944,43568.094,21815613.2877,11254868.0917,19238257.0118,30493125.1035,8677511.8157
54.982603868485874,483.20535574372207,176.8569942695331,40510.16831583904,VALID,VALID,VALID,7884.0,211.39861322509722,6.739999999999901,734.0782122905096,7.399999999999887,8175262.1839,3592345.7548,8414893.1217,1999797.170,42090.644,22224388.8745,10870682.4202,19221207.5152,30091889.9354,7867501.0608
48.26692336807767,463.633769120996,166.0943516572784,42521.68563733042,VALID,VALID,VALID,7884.0,211.39861322509722,6.929999999999897,721.317474839897,7.379999999999887,7402127.2588,3555101.4246,8151016.5034,2000039.546,44636.430,21152921.1639,10633449.2345,19238547.7175,29871996.9519,8719075.7881
51.89555496167893,479.6521881947981,170.5840044883477,41586.45049629219,VALID,VALID,VALID,7884.0,211.39861322509722,6.669999999999902,738.8940955951333,7.309999999999889,7973228.5827,3684686.0386,8386723.7499,2058163.126,43040.685,22145842.1835,11063148.0827,19221366.5078,30284514.5906,8138672.4071
46.64515774994246,489.942349357132,152.65869470801613,41940.496986764134,VALID,VALID,VALID,7884.0,211.39861322509722,6.379999999999908,759.537572254342,6.7499999999999005,7429496.8868,3901825.3286,7780801.9647,2221466.582,42679.842,21376270.6047,11612281.6408,19224776.1455,30837057.7863,9460787.1817
53.85031986670474,488.51090896408607,160.83667307437688,38762.686557492205,VALID,VALID,VALID,7884.0,211.39861322509722,6.599999999999904,743.7735849056671,6.7599999999999,7762701.9453,3521023.2666,7419244.5016,2010986.908,39959.298,20753915.9199,10801851.3796,19231812.7783,30033664.1579,9279748.2380
53.24263366648761,480.71606606338304,166.03021359578693,39362.424968165644,VALID,VALID,VALID,7884.0,211.39861322509722,6.809999999999899,729.3246993524582,7.039999999999894,7642444.6431,3450097.8548,7626229.6080,1960536.743,41055.294,20720364.1441,10541394.3484,19233501.7740,29774896.1225,9054531.9784
50.15745114964846,485.77365094802633,168.9808296865957,42269.00652772115,VALID,VALID,VALID,7884.0,211.39861322509722,6.589999999999904,744.4759206798934,7.299999999999889,7891837.9544,3821612.5899,8508051.6316,2129000.539,43548.921,22394051.6373,11345124.8689,19231938.9257,30577063.7946,8183012.1573
52.160709898476895,461.7757547743018,153.7684152025693,42889.30957502295,VALID,VALID,VALID,7884.0,211.39861322509722,6.099999999999914,780.5940594059472,6.659999999999902,8731478.6154,3864963.8164,8236854.9457,2183458.296,42886.778,23059642.4528,11847892.1798,19221885.1876,31069777.3674,8010134.9146
46.84350960333637,462.5905019466994,156.15901327862437,42966.927713562494,VALID,VALID,VALID,7884.0,211.39861322509722,6.659999999999902,739.5872420262732,7.019999999999895,7442916.4220,3675026.1378,7939821.7202,2084322.004,44444.419,21186530.7036,11017729.5135,19239125.3860,30256854.8994,9070324.1959
45.518492294159486,461.29265210402554,157.4189445670038,43398.856032211836,VALID,VALID,VALID,7884.0,211.39861322509722,6.7799999999999,731.3543599257953,7.149999999999892,7223771.6576,3660350.5720,7994349.2172,2072312.710,45191.330,20995975.4875,10896055.6930,19231505.4577,30127561.1507,9131585.6633
47.67674630571931,484.51222859733105,172.85226334214747,41839.30746916245,VALID,VALID,VALID,7884.0,211.39861322509722,7.069999999999894,712.1951219512264,7.599999999999882,7103298.9995,3609343.6479,8240973.8375,2019298.033,44240.720,21017155.2394,10620608.0771,19234206.9523,29854815.0294,8837659.7900
47.88101068171663,489.5415843029914,171.09993576075544,42540.57089964422,VALID,VALID,VALID,7884.0,211.39861322509722,6.7899999999999,730.6765523633062,7.489999999999885,7441522.4818,3804153.9365,8509387.7542,2115803.396,44321.816,21915189.3859,11146224.1926,19225121.3921,30371345.5847,8456156.1988
52.91983455958187,481.4950601783923,152.38894883859433,40149.221052583925,VALID,VALID,VALID,7884.0,211.39861322509722,6.229999999999912,770.6744868035257,6.479999999999906,8187222.4001,3724602.6703,7544345.3720,2130152.686,40481.392,21626804.5215,11453003.2720,19228114.7558,30681118.0278,9054313.5062
52.358386715989575,467.4284063570402,155.15297311465056,44252.66653325838,VALID,VALID,VALID,7884.0,211.39861322509722,5.8599999999999195,799.594320486822,6.689999999999902,9263293.1167,4134892.8135,8783937.3703,2304045.510,43543.772,24529712.5837,12530745.9932,19242491.2294,31773237.2226,7243524.6390
51.939764804083104,472.52622924123995,161.91179055471756,43635.8028336141,VALID,VALID,VALID,7884.0,211.39861322509722,6.129999999999914,778.2823297137282,6.969999999999896,8819625.0853,4011862.7804,8797891.4496,2226555.286,43717.962,23899652.5639,12056879.5594,19220116.0450,31276995.6044,7377343.0404
48.72004249511229,486.1160630258014,159.8124743529977,44000.00200300734,VALID,VALID,VALID,7884.0,211.39861322509722,6.1399999999999135,777.5147928994149,6.969999999999896,8333722.2045,4157586.9200,8747662.4263,2309904.209,44111.215,23592986.9751,12268599.9481,19217941.1857,31486541.1338,7893554.1587
50.736789857597486,460.93303959385184,162.5689655699554,44261.570807307435,VALID,VALID,VALID,7884.0,211.39861322509722,6.29999999999991,765.4368932038901,7.109999999999893,8594669.9479,3904038.2280,8812392.6280,2166613.669,44822.498,23522536.9710,11726798.2596,19228495.5046,30955293.7642,7432756.7932
46.06886804052231,480.0607971570206,168.4965301769044,43282.67251929496,VALID,VALID,VALID,7884.0,211.39861322509722,6.879999999999898,724.6323529411833,7.519999999999884,7224525.6054,3764159.6904,8455566.9698,2099088.226,45314.743,21588655.2355,11006302.4606,19223536.3444,30229838.8050,8641183.5695
52.53154718452015,468.24514832302236,170.4071053010328,39487.27619644855,VALID,VALID,VALID,7884.0,211.39861322509722,7.179999999999891,705.1878354204005,7.319999999999888,7313953.3484,3259682.3756,7592235.5092,1848352.724,41986.118,20056210.0765,9947777.4367,19216384.8853,29164162.3220,9107952.2455
48.03621311018154,489.67169136447995,168.90347072125277,40503.551690511114,VALID,VALID,VALID,7884.0,211.39861322509722,7.069999999999894,712.1951219512264,7.379999999999887,6928366.7597,3531320.2789,7795619.9550,1996825.405,42828.297,20294960.6963,10472681.0516,19217851.5276,29690532.5793,9395571.8830
47.7260688885289,476.7986657630262,153.54896281758326,44874.8779067003,VALID,VALID,VALID,7884.0,211.39861322509722,6.009999999999916,787.6123876123942,6.7899999999999,8434153.2163,4212994.1707,8683257.6578,2352592.105,44607.674,23727604.8253,12486276.2058,19231572.2118,31717848.4177,7990243.5923
47.842315054294346,461.05101288484514,180.87725782631827,41402.00512122973,VALID,VALID,VALID,7884.0,211.39861322509722,7.799999999999878,668.1355932203459,8.049999999999873,6617107.2549,3188415.9439,8005527.0813,1784007.446,45310.607,19640368.3336,9435453.4739,19222503.4417,28657956.9156,9017588.5820
48.51394041854852,469.8439346793119,170.2942510512526,44175.511932871705,VALID,VALID,VALID,7884.0,211.39861322509722,6.679999999999902,738.202247191018,7.509999999999884,7910310.0960,3830456.9656,8885398.7733,2111920.905,45745.956,22783832.6966,11273508.3077,19241308.8381,30514817.1459,7730984.4493
50.953181181571004,487.4827856529853,178.43402201692888,44956.24579910729,VALID,VALID,VALID,7884.0,211.39861322509722,6.379999999999908,759.537572254342,7.649999999999881,8699225.8700,4161391.6558,9748480.9351,2216243.202,45748.754,24871090.4171,11965931.7161,19226289.1303,31192220.8463,6321130.4292
49.08114592579345,482.8700355582259,166.18158392310715,41855.02691114952,VALID,VALID,VALID,7884.0,211.39861322509722,6.709999999999901,736.1344537815194,7.23999999999989,7561178.1126,3719418.3991,8192333.9408,2090397.956,43415.677,21606744.0862,11076731.3730,19235365.2918,30312096.6648,8705352.5786
53.469743979208005,475.69288222407084,175.9921759158727,40409.19967482774,VALID,VALID,VALID,7884.0,211.39861322509722,6.979999999999896,718.0327868852527,7.469999999999885,7757157.9322,3450572.7352,8170297.4538,1932693.738,42530.377,21353252.2375,10449039.1750,19227636.0739,29676675.2490,8323423.0114
52.68753218856946,462.74972093072256,173.50564318106686,39990.1803249921,VALID,VALID,VALID,7884.0,211.39861322509722,7.24999999999989,700.8000000000069,7.469999999999885,7382871.6315,3242153.9264,7780025.9013,1830697.239,42668.242,20278416.9412,9889581.7114,19223090.4397,29112672.1511,8834255.2098
52.414801759261614,488.4733944328563,156.8737006080096,41933.85908695939,VALID,VALID,VALID,7884.0,211.39861322509722,6.029999999999916,786.041874376876,6.659999999999902,8638422.9904,4025236.8215,8273335.5399,2267893.095,41739.488,23246627.9355,12184102.3064,19242637.2917,31426739.5980,8180111.6626
48.96394912454828,480.3782341996799,153.15443000987824,43221.58064499373,VALID,VALID,VALID,7884.0,211.39861322509722,6.089999999999915,781.36769078296,6.699999999999902,8268039.3906,4055827.0256,8275717.1858,2287644.131,43190.942,22930418.6756,12156236.3382,19222068.1431,31378304.4813,8447885.8057
45.02895770351483,476.3562619683215,160.77839300507233,44734.76381972263,VALID,VALID,VALID,7884.0,211.39861322509722,6.529999999999905,748.7179487179554,7.24999999999989,7540936.6419,3988735.8865,8616106.5190,2223660.116,45929.939,22415369.1032,11648080.7744,19234519.8742,30882600.6486,8467231.5454
48.73812095524563,481.41994623708536,165.98168635643398,39586.6954664157,VALID,VALID,VALID,7884.0,211.39861322509722,7.209999999999891,703.3006244424689,7.25999999999989,6784674.8445,3350845.0211,7393846.1311,1907472.147,42154.584,19478992.7282,10041462.1795,19235629.4005,29277091.5800,9798098.8518
48.56283372656487,476.0206300545061,169.1409624331414,40261.76640382727,VALID,VALID,VALID,7884.0,211.39861322509722,7.279999999999889,698.9361702127728,7.429999999999886,6832889.0005,3348853.3077,7615512.2462,1898339.123,43021.050,19738614.7282,10013486.1823,19235453.6871,29248939.8694,9510325.1411
53.94028415965566,462.19320102252584,163.49434382139427,43175.04571481561,VALID,VALID,VALID,7884.0,211.39861322509722,6.199999999999912,772.9411764705949,6.989999999999895,9000413.9532,3856051.3727,8729753.1858,2144525.483,43450.045,23774194.0408,11757012.2749,19228693.7684,30985706.0433,7211512.0025
54.439525339371414,462.8193826612751,163.02470666112174,41688.42125121055,VALID,VALID,VALID,7884.0,211.39861322509722,6.389999999999908,758.8065447545785,6.9399999999998965,8610549.1666,3660143.0898,8251253.4388,2059960.318,42448.922,22624354.9365,11271951.8122,19239985.0302,30511936.8424,7887581.9059
50.80661312130185,463.6119057214304,153.6042509916101,44072.368436769095,VALID,VALID,VALID,7884.0,211.39861322509722,6.009999999999916,787.6123876123942,6.709999999999901,8817981.3778,4023217.5499,8531043.2896,2257825.743,43809.943,23673877.9044,12195067.8119,19236138.3232,31431206.1351,7757328.2308
45.12150579566207,478.606555302993,179.88779131118565,41503.44447132714,VALID,VALID,VALID,7884.0,211.39861322509722,7.789999999999878,668.7022900763428,8.069999999999872,6261386.9060,3320745.5798,7988010.4440,1859174.221,45401.866,19474719.0177,9650946.3765,19231573.1365,28882519.5131,9407800.4954
54.313213721724665,466.7212254749265,158.23116591195156,43566.874906992365,VALID,VALID,VALID,7884.0,211.39861322509722,5.899999999999919,796.3636363636429,6.729999999999901,9422005.0977,4048231.9718,8783747.4511,2253276.518,42987.197,24550248.2366,12359186.0641,19240104.7484,31599290.8125,7049042.5758
47.565831046947395,489.0468947177537,177.87997373277665,39713.41900689942,VALID,VALID,VALID,7884.0,211.39861322509722,7.6399999999998816,677.3195876288729,7.799999999999878,6397289.5292,3288678.5640,7655577.4150,1855208.746,43156.236,19239910.4918,9682192.2082,19226374.0628,28908566.2710,9668655.7793
49.970023661910034,465.9045211092194,170.46580395045197,42716.976445211665,VALID,VALID,VALID,7884.0,211.39861322509722,6.839999999999899,727.3062730627374,7.459999999999885,7762424.6607,3618718.2626,8473739.1799,2017643.440,44626.541,21917152.0856,10819756.4115,19238875.5118,30058631.9233,8141479.8377
54.8530333651801,469.0138478293131,169.94124183132584,40425.02334883943,VALID,VALID,VALID,7884.0,211.39861322509722,6.729999999999901,734.7623485554587,7.179999999999891,8146439.3096,3482754.3823,8076365.0962,1960862.335,41978.946,21708400.0699,10696106.7373,19230868.6937,29926975.4310,8218575.3611
51.01901030985315,473.78437664576876,152.5639017178197,41651.30909452602,VALID,VALID,VALID,7884.0,211.39861322509722,6.229999999999912,770.6744868035257,6.6099999999999035,8188449.4384,3802072.3935,7835584.6592,2164545.684,41995.908,22032648.0840,11600430.7841,19236716.6728,30837147.4569,8804499.3729
53.70334034725144,476.1304097986881,161.9347664371769,40492.17690758895,VALID,VALID,VALID,7884.0,211.39861322509722,6.4699999999999065,753.0085959885454,6.869999999999898,8187331.2821,3629417.9964,7900073.6734,2057115.018,41428.063,21815366.0335,11130776.0356,19235927.6967,30366703.7322,8551337.6987
48.43340962808783,483.6435506713293,169.96142441088057,43834.878962014554,VALID,VALID,VALID,7884.0,211.39861322509722,6.559999999999905,746.5909090909158,7.439999999999886,7925333.6945,3957017.0237,8899648.4963,2179279.078,45084.332,23006362.6252,11571057.8045,19239096.5164,30810154.3209,7803791.6957
48.11840986002591,479.91742311597466,169.85809567922698,40112.05031201457,VALID,VALID,VALID,7884.0,211.39861322509722,7.319999999999888,696.4664310954132,7.469999999999885,6721347.0676,3351826.8516,7592438.5140,1899770.397,42944.289,19608327.1205,9984665.0735,19216046.8183,29200711.8918,9592384.7713
54.48805137943201,473.12408886099695,169.55848829567736,44305.20791869007,VALID,VALID,VALID,7884.0,211.39861322509722,6.039999999999916,785.2589641434329,7.169999999999892,9478485.7808,4115122.3390,9438591.7185,2230820.224,44128.982,25307149.0452,12273882.0886,19219306.0311,31493188.1197,6186039.0745
46.805109667122196,470.6054806606144,182.87316537951406,41689.43619693052,VALID,VALID,VALID,7884.0,211.39861322509722,7.789999999999878,668.7022900763428,8.14999999999987,6524122.4528,3279863.8916,8156968.7259,1827777.934,45605.328,19834338.3334,9595108.3866,19231471.2857,28826579.6723,8992241.3389
52.06388849447121,476.4395980986409,155.68388162234035,41307.85827963933,VALID,VALID,VALID,7884.0,211.39861322509722,6.259999999999911,768.4210526315857,6.679999999999902,8263014.9527,3780765.9368,7906705.5739,2147344.709,41727.807,22139558.9800,11547852.1646,19224985.3827,30772837.5472,8633278.5673
50.97304506350476,479.56431267945084,170.86028420595866,39284.55773638158,VALID,VALID,VALID,7884.0,211.39861322509722,7.23999999999989,701.4234875444909,7.3599999999998875,7022839.6996,3303612.0261,7532918.6899,1874389.318,41894.791,19775654.5253,9969591.8115,19228650.8010,29198242.6126,9422588.0873
53.57951546613529,480.4126607220426,159.0184933213227,43334.96378129095,VALID,VALID,VALID,7884.0,211.39861322509722,5.869999999999919,798.7841945288819,6.739999999999901,9273350.7594,4157405.1887,8807152.5275,2309347.531,42670.260,24589926.2678,12555976.5083,19236949.4918,31792926.0001,7202999.7323
54.938881748931195,465.25310575602515,151.27932947852668,43736.057133387774,VALID,VALID,VALID,7884.0,211.39861322509722,5.639999999999924,817.8423236514587,6.419999999999908,9825598.8589,4160432.6840,8657824.6067,2330579.081,42365.038,25016800.2701,12819920.2144,19243389.9020,32063310.1164,7046509.8463
46.319929962390205,477.8961597127569,156.50374828349678,40893.87744175838,VALID,VALID,VALID,7884.0,211.39861322509722,6.899999999999897,723.3027522935848,6.989999999999895,6850405.9328,3533881.3016,7406672.3787,2018477.397,42859.469,19852296.4800,10549554.2153,19232018.5876,29781572.8030,9929276.3230
54.21534187464122,483.9486505240942,155.39398015328513,38542.639631465325,VALID,VALID,VALID,7884.0,211.39861322509722,6.499999999999906,750.8571428571496,6.539999999999905,7844964.3802,3501370.4552,7195366.9027,2008048.231,39503.122,20589253.0920,10817868.1050,19237315.7765,30055183.8815,9465930.7895
45.60653794861455,481.4156741532164,165.06308479058464,42626.02419925268,VALID,VALID,VALID,7884.0,211.39861322509722,6.899999999999897,723.3027522935848,7.389999999999887,7030594.5765,3710694.3214,8142633.4444,2087157.305,44674.873,21015754.5214,10896876.1320,19216268.3045,30113144.4365,9097389.9151
48.54827382124829,479.7525880994801,163.05534211117967,42011.90109124579,VALID,VALID,VALID,7884.0,211.39861322509722,6.659999999999902,739.5872420262732,7.149999999999892,7542330.2116,3726654.0646,8106189.6454,2100778.026,43456.552,21519408.5005,11117793.8711,19215667.9877,30333461.8588,8814053.3583
46.482324307195796,482.4680062325401,189.696713604472,44752.20669002222,VALID,VALID,VALID,7884.0,211.39861322509722,7.329999999999888,695.8517210944464,8.389999999999866,7237507.0763,3756121.9896,9451722.2365,2008185.833,47935.187,22501472.3233,10600389.2004,19234568.6465,29834957.8469,7333485.5236
54.053357306822114,476.290457183898,161.15684024395625,39973.00293453264,VALID,VALID,VALID,7884.0,211.39861322509722,6.509999999999906,750.1427212178944,6.819999999999899,8104073.1593,3570446.7793,7731778.4561,2030086.394,40993.118,21477377.9072,10988785.0496,19234458.5853,30223243.6349,8745865.7277
52.319443191817626,470.7740370403354,176.85488808625155,41213.77978613764,VALID,VALID,VALID,7884.0,211.39861322509722,7.0299999999998946,714.7778785131528,7.589999999999883,7706313.4038,3467097.5554,8335863.6037,1933315.714,43489.876,21486080.1528,10434375.3277,19216453.0097,29650828.3375,8164748.1846
46.87552946223698,477.1844537273338,150.7519256351235,43326.50733267294,VALID,VALID,VALID,7884.0,211.39861322509722,6.219999999999912,771.428571428578,6.709999999999901,7833675.7452,3987270.4629,8061804.3021,2260686.685,43657.521,22187094.7171,11906704.8555,19219115.2959,31125820.1514,8938725.4342
54.040854191093246,486.96736962084077,172.49452634808344,40057.80197323856,VALID,VALID,VALID,7884.0,211.39861322509722,6.729999999999901,734.7623485554587,7.24999999999989,7952912.7569,3583223.3446,8123240.4757,2012643.969,41597.608,21713618.1556,10859905.0791,19239678.2036,30099583.2826,8385965.1270
51.96559518162736,480.4432923599559,150.12167415809716,39495.94455860813,VALID,VALID,VALID,7884.0,211.39861322509722,6.379999999999908,759.537572254342,6.429999999999907,7794489.5082,3603163.0048,7205517.0201,2069189.622,40192.196,20712551.3520,11069324.9591,19228076.5323,30297401.4914,9584850.1394
52.13461716438128,478.64029654073676,156.9729565740435,39797.900296715874,VALID,VALID,VALID,7884.0,211.39861322509722,6.549999999999905,747.2985781990589,6.719999999999901,7752655.9076,3558800.0108,7469630.8000,2033359.850,40908.627,20855355.1965,10896635.5126,19227740.2666,30124375.7792,9269020.5827
45.52116579766326,469.03626187788916,164.5710396676395,41315.78392605283,VALID,VALID,VALID,7884.0,211.39861322509722,7.329999999999888,695.8517210944464,7.429999999999886,6543590.0502,3371158.1883,7570178.1278,1914072.725,44254.350,19443253.4428,9992322.0263,19224247.3610,29216569.3873,9773315.9445
52.010787270913106,469.6706923322925,161.90856146002278,40129.48343766448,VALID,VALID,VALID,7884.0,211.39861322509722,6.7799999999999,731.3543599257953,6.979999999999896,7632289.8664,3446076.3370,7602934.0081,1961291.142,41786.924,20684378.2787,10542928.7585,19221837.9714,29764766.7299,9080388.4512
54.33439139062611,485.91121721466857,151.81552517168586,39756.44275738418,VALID,VALID,VALID,7884.0,211.39861322509722,6.109999999999914,779.8219584569799,6.379999999999908,8422631.2970,3766169.9349,7530765.9018,2155148.765,39779.881,21914495.7804,11634765.3922,19221100.2485,30855865.6407,8941369.8603
54.309893600784505,478.05635960601813,159.9827923205936,39529.266047651974,VALID,VALID,VALID,7884.0,211.39861322509722,6.509999999999906,750.1427212178944,6.7499999999999005,8052145.3655,3543902.4506,7590246.9437,2020104.103,40538.057,21246936.9207,10930694.2570,19226131.2124,30156825.4693,8909888.5487
46.10661311482065,461.1510229604057,163.72999984739855,41692.13138604114,VALID,VALID,VALID,7884.0,211.39861322509722,7.279999999999889,698.9361702127728,7.399999999999887,6717765.4917,3359501.1856,7633783.8319,1906647.356,44549.444,19662247.3097,10014712.6618,19232731.5341,29247444.1959,9585196.8862
54.90891076868205,488.7646367832383,151.67189480562516,38190.97226561423,VALID,VALID,VALID,7884.0,211.39861322509722,6.3299999999999095,763.2139399806456,6.339999999999909,8002392.3730,3561613.5403,7073463.2886,2047524.467,38746.280,20723739.9491,11040629.3416,19229122.1258,30269751.4674,9546011.5183
51.139647961456376,482.271087335097,168.23734293525024,40878.43679080862,VALID,VALID,VALID,7884.0,211.39861322509722,6.7599999999999,732.713754646847,7.22999999999989,7658723.0042,3611269.1601,8062523.7591,2033719.271,42520.133,21408755.3279,10861357.4400,19219324.9385,30080682.3785,8671927.0506
45.700083570321205,478.0584606536148,167.6309686150919,44456.73976749094,VALID,VALID,VALID,7884.0,211.39861322509722,6.719999999999901,735.4477611940366,7.509999999999884,7470960.4857,3907603.2147,8769274.7661,2162170.690,46140.044,22356149.2009,11356133.0262,19226818.6928,30582951.7190,8226802.5180
53.325979150278506,465.89461372005445,161.1510215191055,44567.73637267644,VALID,VALID,VALID,7884.0,211.39861322509722,5.929999999999918,793.957703927499,6.899999999999897,9434671.5688,4121408.3043,9123699.8416,2268418.171,44064.813,24992262.6996,12426241.7962,19238268.3914,31664510.1876,6672247.4879
50.698756854862346,481.5964361647885,171.11941192835985,39699.87502695364,VALID,VALID,VALID,7884.0,211.39861322509722,7.159999999999892,706.4516129032327,7.379999999999887,7109497.0023,3376718.3178,7678755.1987,1912008.389,42170.026,20119148.9353,10159795.8494,19235909.3857,29395705.2351,9276556.2999
53.605308502443506,486.6127686551967,150.05230188054148,44073.73324615249,VALID,VALID,VALID,7884.0,211.39861322509722,5.449999999999928,834.2857142857206,6.3299999999999095,9855359.0245,4473198.3408,8827897.6768,2491235.439,42083.363,25689773.8455,13523029.3275,19245474.5270,32768503.8545,7078730.0090
54.52894736504157,475.7978458581081,156.3793599530421,40225.98495477065,VALID,VALID,VALID,7884.0,211.39861322509722,6.269999999999911,767.672833495625,6.599999999999904,8419377.3997,3673206.4562,7726490.4611,2092599.805,40660.217,21952334.3400,11359785.5097,19222503.7892,30582289.2989,8629954.9588
51.071906566662406,484.40301270220095,171.0648806422916,39996.90996094775,VALID,VALID,VALID,7884.0,211.39861322509722,7.009999999999895,716.076294277936,7.339999999999888,7313711.2842,3468427.1826,7839106.7465,1959008.611,42162.179,20622416.0040,10428356.0093,19220481.5421,29648837.5514,9026421.5473
50.117544262377784,488.22172581498995,161.38860493752398,39666.84456233194,VALID,VALID,VALID,7884.0,211.39861322509722,6.7899999999999,730.6765523633062,6.959999999999896,7262942.6059,3537609.8587,7484205.0123,2017067.393,41327.762,20343152.6327,10671087.9147,19234131.1326,29905219.0474,9562066.4147
53.521476646510514,473.422017349285,166.38842815507016,44280.812765804454,VALID,VALID,VALID,7884.0,211.39861322509722,6.029999999999916,786.041874376876,7.0799999999998935,9314495.9373,4119549.5094,9266257.5709,2249856.817,44075.563,24994235.3987,12307080.1141,19231400.1214,31538480.2355,6544244.8368
52.22750126970614,474.1903231931735,154.2474387703571,43799.76888520879,VALID,VALID,VALID,7884.0,211.39861322509722,5.82999999999992,802.0345879959374,6.619999999999903,9173481.0744,4164449.6192,8669675.8661,2326871.187,43008.348,24377486.0959,12603032.4813,19221849.2922,31824881.7734,7447395.6776
49.69671529187429,460.26300461969623,156.08692946689473,41796.51433018368,VALID,VALID,VALID,7884.0,211.39861322509722,6.6099999999999035,743.0725730443046,6.879999999999898,7717364.0170,3573694.0856,7756357.4714,2033407.156,43111.392,21123934.1229,10883859.3870,19216276.5317,30100135.9187,8976201.7959
54.93481359157027,483.8893331293527,154.6006763710587,43989.42440682216,VALID,VALID,VALID,7884.0,211.39861322509722,5.509999999999927,829.0220820189338,6.479999999999906,10016870.0011,4411643.7537,9020814.4587,2438788.340,42197.359,25930313.9126,13344152.0984,19226235.8314,32570387.9299,6640074.0172
47.79978755290835,474.08417563392095,168.9739624825349,43892.27622271606,VALID,VALID,VALID,7884.0,211.39861322509722,6.689999999999902,737.5116931711948,7.469999999999885,7736650.6163,3836652.6478,8751787.9248,2123392.744,45478.112,22493962.0459,11270695.4667,19217044.2000,30487739.6668,7993777.6209
51.65729834299491,476.9743790052051,160.90234133068603,44129.987033697005,VALID,VALID,VALID,7884.0,211.39861322509722,5.9999999999999165,788.4000000000066,6.919999999999897,8986324.7417,4148732.9000,8957003.8684,2292177.544,43838.023,24428077.0772,12392090.1717,19219249.6607,31611339.8325,7183262.7553
50.66424369299155,461.72887614232224,165.7079257071291,42646.961922904666,VALID,VALID,VALID,7884.0,211.39861322509722,6.669999999999902,738.8940955951333,7.23999999999989,7982553.9591,3637452.5697,8354751.9086,2038635.928,44138.281,22057532.6475,10982415.1041,19225358.7346,30207773.8387,8150241.1912
50.851107831865406,480.44754805920456,152.7248324488636,43055.996344266365,VALID,VALID,VALID,7884.0,211.39861322509722,5.939999999999918,793.1589537223406,6.589999999999904,8682889.9749,4101850.8508,8344945.6935,2310822.025,42599.020,23483107.5651,12384569.4693,19222078.4871,31606647.9564,8123540.3912
45.25990034421807,465.7473432105231,163.70968620332692,42870.88308421719,VALID,VALID,VALID,7884.0,211.39861322509722,7.069999999999894,712.1951219512264,7.419999999999886,6909474.5567,3555099.9818,7997528.2519,2006689.694,45331.504,20514123.9892,10509087.1402,19230626.0253,29739713.1656,9225589.1763
49.85832163810705,480.5173107127257,158.91267360462763,43083.72545550686,VALID,VALID,VALID,7884.0,211.39861322509722,6.219999999999912,771.428571428578,6.899999999999897,8285460.0729,3992620.3505,8450598.8584,2238175.147,43412.885,23010267.3141,11944371.4946,19239782.0061,31184153.5007,8173886.1867
52.65714216319721,475.42706268668076,175.26792168483323,42679.483246143594,VALID,VALID,VALID,7884.0,211.39861322509722,6.619999999999903,742.372881355939,7.479999999999885,8341968.4079,3765868.5738,8885127.6347,2071411.045,44047.223,23108422.8848,11231221.6697,19236181.5312,30467403.2009,7358980.3162
49.190788644283714,478.54668325453446,186.35985119684176,42958.78311070914,VALID,VALID,VALID,7884.0,211.39861322509722,7.269999999999889,699.556344276848,8.119999999999871,7391429.8574,3595331.9110,8960804.6145,1959200.527,45880.524,21952647.4351,10440001.9939,19231804.6756,29671806.6695,7719159.2345
54.67485751432011,485.8038496893745,194.2061207690619,44114.75404018552,VALID,VALID,VALID,7884.0,211.39861322509722,6.679999999999902,738.202247191018,8.109999999999872,8902600.5880,3955124.7452,10119105.4378,2057087.120,45683.038,25079600.9301,11333304.9659,19221264.7952,30554569.7611,5474968.8310
50.4191079841934,475.88493607046,154.3912799729399,42546.847274141815,VALID,VALID,VALID,7884.0,211.39861322509722,6.159999999999913,775.9842519685105,6.709999999999901,8323106.5466,3927916.6027,8155733.8046,2220880.277,42709.088,22670346.3193,11884246.9418,19222012.6175,31106259.5593,8435913.2400
51.174494649908155,481.9381709353745,188.74862924875205,44478.94908268545,VALID,VALID,VALID,7884.0,211.39861322509722,6.839999999999899,727.3062730627374,8.089999999999872,8277428.1166,3897653.1120,9769574.2938,2063010.539,46467.279,24054133.3412,11166050.6636,19239285.9668,30405336.6304,6351203.2891
52.81544385437779,484.0445812578006,155.15502642274757,41166.53473757034,VALID,VALID,VALID,7884.0,211.39861322509722,6.109999999999914,779.8219584569799,6.589999999999904,8477556.8208,3884768.4900,7969399.5940,2204141.272,41190.804,22577056.9817,11860649.7344,19215750.6392,31076400.3737,8499343.3920
